,id,code,buy_date,hold_days
0,a0,A049480,20190509,23
1,a0,A051915,20200810,55
2,a0,A056700,20190619,66
3,a1,A217730,20200701,7
4,a1,A222800,20200821,9
5,a1,A222980,20201217,7
6,a1,A226320,20200826,11
7,a1,A226330,20200907,4
8,a1,A226330,20200915,5
9,a1,A226330,20201006,2
10,a1,A227950,20201118,11
11,a1,A227950,20201207,7
12,a1,A229640,20200907,5
13,a1,A234690,20200908,9
14,a1,A238490,20200624,3
15,a1,A241820,20201103,3
16,a1,A241840,20201209,4
17,a1,A241840,20201216,6
18,a1,A253840,20200921,1
19,a1,A253840,20201229,1
20,a1,A267260,20200730,3
21,a1,A267320,20201007,34
22,a1,A269620,20200828,4
23,a1,A269620,20200908,7
24,a1,A269620,20201028,22
25,a1,A288330,20201015,16
26,a1,A294090,20201109,11
27,a1,A298380,20200713,17
28,a1,A298380,20200807,22
29,a1,A318000,20200811,12
30,a1,A322510,20200914,1
31,a1,A322510,20200916,15
32,a1,A336260,20200615,3
33,a1,A336260,20201006,3
34,a1,A336260,20201120,2
35,a1,A336260,20201204,3
36,a1,A33626K,20200915,8
37,a1,A352940,20201217,1
38,a1,A353810,20201120,1
39,a1,A200230,20200917,1
40,a1,A195990,20200716,16
41,a1,A067630,20200814,3
42,a1,A067310,20200916,45
43,a1,A093240,20200721,4
44,a1,A097780,20200901,1
45,a1,A102460,20201127,5
46,a1,A104480,20201217,5
47,a1,A110020,20200807,6
48,a1,A118000,20200805,1
49,a1,A118000,20200825,6
50,a1,A125210,20200529,16
51,a1,A127120,20200825,7
52,a1,A127120,20200909,5
53,a1,A131370,20200710,10
54,a1,A131370,20200828,56
55,a1,A142280,20200902,4
56,a1,A156100,20201014,10
57,a1,A170030,20201008,1
58,a1,A192650,20201123,14
59,a1,A011930,20201015,4
60,a1,A011080,20200721,2
61,a1,A011000,20201221,3
62,a1,A011000,20200929,7
63,a1,A011000,20200827,2
64,a1,A011000,20200618,8
65,a1,A011000,20200608,3
66,a1,A010690,20200721,2
67,a1,A010140,20200623,8
68,a1,A013870,20200813,1
69,a1,A015540,20200821,11
70,a1,A017180,20200518,6
71,a1,A017180,20200529,31
72,a1,A018000,20200820,2
73,a1,A018000,20200908,8
74,a1,A018680,20200723,2
75,a1,A018700,20200826,7
76,a1,A019170,20200728,6
77,a1,A025320,20200730,15
78,a1,A025980,20200706,15
79,a1,A025980,20200812,3
80,a1,A027360,20201222,1
81,a1,A033180,20200807,4
82,a1,A033270,20201015,25
83,a1,A034020,20200730,10
84,a1,A034020,20200924,1
85,a1,A036090,20201218,5
86,a1,A038460,20201029,6
87,a1,A038870,20200514,1
88,a1,A038870,20200911,2
89,a1,A040350,20200917,2
90,a1,A042040,20200918,1
91,a1,A007860,20200707,13
92,a1,A007860,20200818,5
93,a1,A007390,20200623,4
94,a1,A007390,20200511,28
95,a1,A006125,20200803,5
96,a1,A006125,20200707,10
97,a1,A005690,20201120,10
98,a1,A004720,20200821,24
99,a1,A042040,20200922,2
100,a1,A042040,20200925,56
101,a1,A042520,20201105,24
102,a1,A044480,20200612,20
103,a1,A045660,20200717,6
104,a1,A045660,20201119,6
105,a1,A047400,20200727,21
106,a1,A047820,20200909,54
107,a1,A047920,20200902,25
108,a1,A047920,20201023,1
109,a1,A047920,20201030,5
110,a1,A047920,20201216,1
111,a1,A050090,20201217,5
112,a1,A050890,20200313,48
113,a1,A050890,20200630,1
114,a1,A050890,20200716,60
115,a1,A051980,20201015,2
116,a1,A051980,20201218,2
117,a1,A052260,20200709,1
118,a1,A052260,20200724,2
119,a1,A054180,20200923,7
120,a1,A054410,20200814,1
121,a1,A054940,20200824,9
122,a1,A057880,20200901,1
123,a1,A057880,20200910,11
124,a1,A057880,20201118,2
125,a1,A059090,20200717,29
126,a1,A059090,20201030,9
127,a1,A061970,20200608,1
128,a1,A064550,20200813,2
129,a1,A065350,20201013,6
130,a1,A065450,20200810,2
131,a1,A012790,20200622,2
132,a1,A012790,20200629,11
133,a1,A012790,20200728,13
134,a1,A217730,20201008,4
135,a1,A000880,20200910,8
136,a1,A001060,20200709,7
137,a1,A001060,20200724,4
138,a1,A001780,20200814,21
139,a1,A002720,20200727,6
140,a1,A002800,20200727,11
141,a1,A067630,20200904,9
142,a1,A067630,20200918,1
143,a1,A067630,20200922,49
144,a1,A068330,20200825,10
145,a1,A068330,20200911,2
146,a1,A069080,20200513,15
147,a1,A069080,20200629,2
148,a1,A069080,20200709,17
149,a1,A002800,20200902,8
150,a1,A003000,20200622,13
151,a1,A003070,20200831,13
152,a1,A010140,20200603,10
153,a1,A009835,20200803,3
154,a1,A009835,20200714,3
155,a1,A009830,20201204,6
156,a1,A080720,20200921,4
157,a1,A080720,20201028,11
158,a1,A080720,20201218,2
159,a1,A084990,20201215,3
160,a1,A086040,20200804,6
161,a1,A087010,20201016,3
162,a1,A087010,20201112,2
163,a1,A009830,20200917,1
164,a1,A009460,20201130,5
165,a1,A009410,20200924,1
166,a1,A003850,20201204,2
167,a1,A004150,20200812,1
168,a1,A004540,20200413,33
169,a1,A004540,20200827,4
170,a1,A004545,20200812,3
171,a1,A004545,20200825,1
172,a1,A004720,20200805,7
173,a1,A067290,20200729,13
174,a1,A066700,20200915,1
175,a1,A066700,20200630,3
176,a1,A200230,20200925,58
177,a1,A205470,20200803,15
178,a1,A206650,20200811,11
179,a1,A206650,20201013,12
180,a1,A214330,20200904,15
181,a1,A215380,20200820,3
182,a1,A215380,20201222,3
183,a1,A217270,20200722,2
184,a1,A217270,20201211,4
185,a1,A217730,20200330,28
186,a1,A217730,20200611,4
187,a2,A100700,20201203,13
188,a2,A122630,20200604,5
189,a2,A122630,20200831,1
190,a2,A123040,20200123,1
191,a2,A143540,20190403,3
192,a2,A143540,20190430,20
193,a2,A178320,20200103,1
194,a2,A178320,20200109,2
195,a2,A187790,20190116,3
196,a2,A187790,20190208,5
197,a2,A187790,20190220,2
198,a2,A200230,20180416,2
199,a2,A200230,20180419,1
200,a2,A200230,20180430,265
201,a2,A208340,20190208,18
202,a2,A215600,20180416,107
203,a2,A215600,20181204,2
204,a2,A215600,20190719,12
205,a2,A217620,20200310,1
206,a2,A230360,20200211,2
207,a2,A233160,20181116,3
208,a2,A233160,20181213,7
209,a2,A233160,20190110,1
210,a2,A233740,20200324,1
211,a2,A233740,20200824,2
212,a2,A233740,20200911,3
213,a2,A233740,20201105,1
214,a2,A233740,20201112,2
215,a2,A233740,20201123,2
216,a2,A233740,20201127,1
217,a2,A234340,20200330,1
218,a2,A250780,20180620,7
219,a2,A250780,20181010,2
220,a2,A251340,20181112,1
221,a2,A251340,20181207,1
222,a2,A251340,20190509,1
223,a2,A251340,20200106,1
224,a2,A251340,20200529,2
225,a2,A251340,20200917,1
226,a2,A251340,20201106,1
227,a2,A252670,20190516,1
228,a2,A252670,20190708,1
229,a2,A252670,20191121,3
230,a2,A252670,20200122,1
231,a2,A252670,20200203,1
232,a2,A252670,20200319,2
233,a2,A252670,20200325,1
234,a2,A252670,20200611,1
235,a2,A252670,20200615,7
236,a2,A252670,20200818,1
237,a2,A252670,20200821,1
238,a2,A252670,20200924,1
239,a2,A252670,20201020,1
240,a2,A252670,20201102,2
241,a2,A252670,20201125,2
242,a2,A252670,20201222,1
243,a2,A252710,20190509,1
244,a2,A253230,20181025,1
245,a2,A301410,20181030,2
246,a2,A301410,20181115,1
247,a2,A336370,20200313,1
248,a2,A336370,20200317,1
249,a2,A100700,20201224,1
250,a2,A004710,20200103,1
251,a2,A010400,20200120,1
252,a2,A011000,20200319,4
253,a2,A016590,20200123,1
254,a2,A018250,20200113,5
255,a2,A027710,20190528,1
256,a2,A033250,20190529,1
257,a2,A035510,20200204,7
258,a2,A035720,20190116,4
259,a2,A036000,20180416,5
260,a2,A041510,20190118,17
261,a2,A041510,20190603,6
262,a2,A049550,20190403,24
263,a2,A049550,20190517,35
264,a2,A049550,20190710,5
265,a2,A049550,20190724,58
266,a2,A049550,20191030,7
267,a2,A049550,20191112,3
268,a2,A049550,20191126,25
269,a2,A049550,20200217,16
270,a2,A049550,20201223,2
271,a2,A052860,20190515,1
272,a2,A052860,20190522,6
273,a2,A061970,20181109,27
274,a2,A063170,20190307,206
275,a2,A064550,20200128,3
276,a2,A068930,20190222,37
277,a2,A068930,20190418,1
278,a2,A068930,20190425,5
279,a2,A068930,20190513,2
280,a2,A071280,20181017,5
281,a2,A071280,20181212,25
282,a2,A078070,20190507,6
283,a2,A078070,20190523,1
284,a2,A078600,20190125,7
285,a2,A079970,20190605,22
286,a2,A079970,20190710,120
287,a2,A084990,20180621,14
288,a2,A086520,20200103,1
289,a2,A086520,20200109,8
290,a2,A096610,20190422,3
291,a2,A096610,20190426,3
292,a2,A100220,20190618,30
293,a2,A100700,20201130,2
294,a3,A087260,20201203,14
295,a3,A000910,20201223,1
296,a4,A043200,20200123,2
297,a4,A011000,20200323,2
298,a4,A009190,20200903,5
299,a4,A005690,20201110,2
300,a4,A005360,20200803,9
301,a4,A003490,20201116,1
302,a4,A003000,20200327,8
303,a4,A218150,20200408,4
304,a4,A226320,20200908,41
305,a4,A252670,20200325,2
306,a4,A043340,20200330,6
307,a4,A051915,20200821,1
308,a4,A051915,20200825,18
309,a4,A054780,20200413,70
310,a4,A057880,20200909,4
311,a4,A064260,20200401,1
312,a4,A252670,20200824,1
313,a4,A174900,20200410,1
314,a4,A150840,20200316,1
315,a4,A144510,20200413,11
316,a4,A131370,20200317,1
317,a4,A131220,20200910,2
318,a4,A118000,20200826,17
319,a4,A101390,20200408,2
320,a4,A100130,20200724,5
321,a4,A096530,20200327,1
322,a4,A084680,20200407,4
323,a4,A084650,20200325,1
324,a4,A079550,20200605,6
325,a4,A078590,20200309,1
326,a4,A065950,20200820,1
327,a4,A203650,20200519,40
328,a4,A011000,20200408,1
329,a4,A012280,20200512,18
330,a4,A013000,20200129,28
331,a4,A023150,20200331,1
332,a4,A064550,20200723,1
333,a4,A025980,20200421,12
334,a4,A026890,20200724,4
335,a4,A285130,20200330,32
336,a4,A263690,20200414,87
337,a4,A032190,20200731,26
338,a4,A033830,20200326,8
339,a5,A035420,20200810,1
340,a5,A034020,20201015,10
341,a5,A034020,20201012,2
342,a5,A034020,20200907,1
343,a5,A032850,20200730,2
344,a5,A032500,20200805,4
345,a5,A014160,20201118,7
346,a5,A026960,20201029,12
347,a5,A026890,20200914,12
348,a5,A026890,20200804,18
349,a5,A024060,20201118,5
350,a5,A016670,20200827,1
351,a5,A015710,20200806,3
352,a5,A035420,20200706,22
353,a5,A326030,20200702,2
354,a5,A299660,20200810,1
355,a5,A262260,20200716,1
356,a5,A253450,20200715,13
357,a5,A246690,20201126,1
358,a5,A246690,20201030,18
359,a5,A236200,20200731,1
360,a5,A222420,20201124,1
361,a5,A220260,20200811,1
362,a5,A218410,20200731,1
363,a5,A217600,20201117,1
364,a5,A215790,20201210,1
365,a5,A192650,20200914,16
366,a5,A192080,20200703,1
367,a5,A143210,20201124,2
368,a5,A136480,20201130,6
369,a5,A136480,20200703,1
370,a5,A131390,20200825,2
371,a5,A131370,20200901,1
372,a5,A131370,20200826,2
373,a5,A131220,20201118,1
374,a5,A123040,20200708,11
375,a5,A111870,20201124,3
376,a5,A103840,20200826,1
377,a5,A097780,20200902,4
378,a5,A000660,20200709,15
379,a5,A000660,20200731,1
380,a5,A000660,20200804,5
381,a5,A000720,20200701,19
382,a5,A000720,20200831,5
383,a5,A000720,20200910,22
384,a5,A001820,20200902,3
385,a5,A002410,20200806,1
386,a5,A003000,20200827,8
387,a5,A005380,20200630,14
388,a5,A005380,20200910,2
389,a5,A005385,20200630,4
390,a5,A005420,20200910,2
391,a5,A005690,20200807,14
392,a5,A005930,20200731,1
393,a5,A005930,20200804,24
394,a5,A005930,20200923,11
395,a5,A005935,20200630,3
396,a5,A007700,20200728,4
397,a5,A008700,20201202,16
398,a5,A010060,20200813,6
399,a5,A010140,20200810,1
400,a5,A011280,20201021,3
401,a5,A011370,20201117,1
402,a5,A011930,20200825,2
403,a5,A091990,20200707,19
404,a5,A091580,20200902,3
405,a5,A090430,20200703,1
406,a5,A089150,20200810,1
407,a5,A086980,20201014,2
408,a5,A083790,20200902,3
409,a5,A082740,20200914,8
410,a5,A080470,20200701,2
411,a5,A080470,20200623,3
412,a5,A073640,20200828,1
413,a5,A068270,20200706,1
414,a5,A067630,20201120,1
415,a5,A065950,20200810,1
416,a5,A052420,20201015,35
417,a5,A051910,20200710,14
418,a5,A048530,20200807,2
419,a5,A043200,20200910,14
420,a5,A041190,20201125,4
421,a5,A041190,20201119,3
422,a5,A041190,20201113,2
423,a5,A041140,20200804,24
424,a5,A035720,20200924,14
425,a5,A035720,20200626,5
426,a5,A035420,20201008,6
427,a5,A035420,20200907,1
428,a5,A035420,20200812,7
429,a6,A033640,20200310,3
430,a6,A027360,20200820,27
431,a6,A017180,20200406,13
432,a6,A011000,20200626,1
433,a6,A007570,20200320,1
434,a6,A006400,20200310,3
435,a6,A003670,20200310,3
436,a6,A003520,20200901,20
437,a6,A001200,20200811,3
438,a6,A336260,20201008,12
439,a6,A323990,20201030,21
440,a6,A323990,20201027,2
441,a6,A299660,20201130,1
442,a6,A299660,20201013,10
443,a6,A299660,20201005,4
444,a6,A298380,20200618,2
445,a6,A298380,20190408,216
446,a6,A298060,20201211,1
447,a6,A298060,20201126,1
448,a6,A298060,20200811,8
449,a6,A294630,20200507,6
450,a6,A294140,20200807,1
451,a6,A293780,20200610,1
452,a6,A293780,20200605,1
453,a6,A289080,20201021,4
454,a6,A289080,20200928,10
455,a6,A285130,20201008,12
456,a6,A285130,20200515,3
457,a6,A263050,20200828,38
458,a6,A263050,20190408,210
459,a6,A260660,20200406,2
460,a6,A238090,20200220,4
461,a6,A227950,20201203,1
462,a6,A214370,20200722,16
463,a6,A192390,20201006,4
464,a6,A182400,20201210,1
465,a6,A179290,20201005,5
466,a6,A131100,20200908,31
467,a6,A128940,20190409,211
468,a6,A027360,20201008,15
469,a6,A121600,20200811,3
470,a6,A108230,20200814,1
471,a6,A102940,20200701,6
472,a6,A101490,20200310,3
473,a6,A097780,20201012,1
474,a6,A096530,20200618,9
475,a6,A096530,20200528,1
476,a6,A096530,20200515,2
477,a6,A095700,20200827,23
478,a6,A095700,20200818,2
479,a6,A095700,20200727,14
480,a6,A095700,20200618,15
481,a6,A095700,20200616,1
482,a6,A091990,20201006,39
483,a6,A086900,20200529,1
484,a6,A084650,20200326,7
485,a6,A081000,20200629,2
486,a6,A078130,20200928,17
487,a6,A068760,20200603,1
488,a6,A068270,20200709,26
489,a6,A068270,20200611,3
490,a6,A068270,20200609,1
491,a6,A068270,20200601,1
492,a6,A067080,20200820,2
493,a6,A061250,20200406,25
494,a6,A053030,20200826,2
495,a6,A052420,20201013,11
496,a6,A052260,20200511,11
497,a6,A052260,20200408,17
498,a6,A041960,20200424,14
499,a6,A037950,20200228,8
500,a6,A037950,20200221,1
501,a6,A034940,20200406,2
502,a6,A034730,20200617,41
503,a6,A034730,20200520,6
504,a6,A033640,20200318,15
505,a7,A114120,20191017,9
506,a7,A115450,20200729,21
507,a7,A117670,20191114,2
508,a7,A118990,20200915,6
509,a7,A118990,20200924,1
510,a7,A118990,20200928,3
511,a7,A118990,20201030,2
512,a7,A118990,20201105,10
513,a7,A118990,20201202,15
514,a7,A119500,20200909,64
515,a7,A121600,20200715,6
516,a7,A121600,20200804,2
517,a7,A121600,20200810,1
518,a7,A121600,20200813,5
519,a7,A121800,20201201,12
520,a7,A122990,20200715,14
521,a7,A123040,20190516,42
522,a7,A123040,20200914,3
523,a7,A123040,20201006,2
524,a7,A123420,20200828,1
525,a7,A123890,20201022,4
526,a7,A124500,20200528,19
527,a7,A126600,20201111,25
528,a7,A126700,20200217,99
529,a7,A126700,20200714,4
530,a7,A126700,20200729,6
531,a7,A126880,20191028,4
532,a7,A126880,20191106,46
533,a7,A126880,20200904,5
534,a7,A128820,20190412,41
535,a7,A131030,20191106,42
536,a7,A131220,20201110,1
537,a7,A131220,20201118,2
538,a7,A131370,20200424,1
539,a7,A095340,20201211,9
540,a7,A095340,20200729,11
541,a7,A095190,20200616,2
542,a7,A095190,20190531,6
543,a7,A094360,20190725,6
544,a7,A094170,20200911,1
545,a7,A094170,20190417,3
546,a7,A093380,20200921,8
547,a7,A093370,20200904,1
548,a7,A093370,20200807,2
549,a7,A093370,20200117,16
550,a7,A093370,20200110,2
551,a7,A093370,20190508,38
552,a7,A093370,20190321,31
553,a7,A093230,20190614,1
554,a7,A092600,20190904,7
555,a7,A092220,20201216,3
556,a7,A092220,20201210,3
557,a7,A092220,20201126,4
558,a7,A092220,20201119,3
559,a7,A092220,20201015,2
560,a7,A092220,20200922,10
561,a7,A131370,20200625,2
562,a7,A131370,20200713,16
563,a7,A131760,20191118,2
564,a7,A131760,20200123,152
565,a7,A131970,20200827,3
566,a7,A136540,20200420,19
567,a7,A136540,20200616,4
568,a7,A137400,20200807,1
569,a7,A138490,20200708,1
570,a7,A141080,20200421,7
571,a7,A142280,20191120,20
572,a7,A142760,20190319,42
573,a7,A151860,20190321,3
574,a7,A151860,20190403,7
575,a7,A151860,20190416,4
576,a7,A151860,20190516,28
577,a7,A151860,20200911,2
578,a7,A160980,20200116,19
579,a7,A092200,20200522,2
580,a7,A092190,20201120,1
581,a7,A092190,20200730,6
582,a7,A092190,20200724,3
583,a7,A091990,20200422,6
584,a7,A091990,20200323,5
585,a7,A091990,20200116,11
586,a7,A091990,20191024,8
587,a7,A091990,20191007,10
588,a7,A091700,20201207,1
589,a7,A091700,20200214,76
590,a7,A091580,20200921,64
591,a7,A091580,20200907,6
592,a7,A091580,20200205,7
593,a7,A090470,20191030,5
594,a7,A090460,20200813,21
595,a7,A090460,20200709,4
596,a7,A090460,20200214,85
597,a7,A090460,20200203,3
598,a7,A090460,20191104,55
599,a7,A090460,20191022,4
600,a7,A090410,20200114,2
601,a7,A089470,20201030,4
602,a7,A089470,20200917,2
603,a7,A089010,20200811,24
604,a7,A087260,20200924,5
605,a7,A087260,20200305,2
606,a7,A086520,20200624,16
607,a7,A086520,20200416,10
608,a7,A086520,20200204,5
609,a7,A086390,20200710,1
610,a7,A086040,20200728,4
611,a7,A086040,20200320,1
612,a7,A086040,20200311,3
613,a7,A084850,20200729,49
614,a7,A084850,20200619,2
615,a7,A084850,20200427,2
616,a7,A084650,20200731,18
617,a7,A084650,20200727,3
618,a7,A083500,20191107,6
619,a7,A083310,20200903,7
620,a7,A081000,20200707,2
621,a7,A079980,20200305,1
622,a7,A078600,20200622,4
623,a7,A078520,20200422,4
624,a7,A078340,20191112,22
625,a7,A078160,20200827,1
626,a7,A078130,20190806,2
627,a7,A078070,20200527,2
628,a7,A077360,20200407,2
629,a7,A074610,20191101,2
630,a7,A074600,20200715,7
631,a7,A074600,20200520,25
632,a7,A073490,20200708,3
633,a7,A072520,20201127,2
634,a7,A072470,20200212,2
635,a7,A072130,20200103,1
636,a7,A071670,20200327,19
637,a7,A071280,20200914,54
638,a7,A071280,20200520,40
639,a7,A069620,20200428,10
640,a7,A069620,20200421,1
641,a7,A069080,20200810,4
642,a7,A069080,20200709,12
643,a7,A068940,20200513,3
644,a7,A068330,20201119,1
645,a7,A068330,20201016,3
646,a7,A068270,20200206,8
647,a7,A068270,20190917,4
648,a7,A068240,20200420,4
649,a7,A067900,20200727,1
650,a7,A067630,20191015,1
651,a7,A067630,20190917,9
652,a7,A067310,20191212,4
653,a7,A067290,20200407,2
654,a7,A066970,20200804,3
655,a7,A066970,20191105,46
656,a7,A066910,20200303,29
657,a7,A066590,20200327,105
658,a7,A066570,20200716,2
659,a7,A066570,20190320,19
660,a7,A066570,20190315,2
661,a7,A066130,20190801,20
662,a7,A065530,20200123,9
663,a7,A065530,20190923,6
664,a7,A065530,20190417,12
665,a7,A065130,20201124,4
666,a7,A065130,20200507,59
667,a7,A064260,20200908,21
668,a7,A064260,20200303,2
669,a7,A064260,20200226,2
670,a7,A064240,20190604,26
671,a7,A063440,20200916,4
672,a7,A063080,20200904,2
673,a7,A061970,20200903,7
674,a7,A061970,20200604,22
675,a7,A061970,20200114,72
676,a7,A061970,20190520,23
677,a7,A061250,20201118,1
678,a7,A061250,20200807,12
679,a7,A060720,20200217,85
680,a7,A060720,20200211,3
681,a7,A060370,20200603,20
682,a7,A060250,20200219,6
683,a7,A060250,20200204,6
684,a7,A060250,20200113,13
685,a7,A059120,20190716,43
686,a7,A059090,20200806,19
687,a7,A059090,20200724,1
688,a7,A059090,20200526,18
689,a7,A059090,20200316,2
690,a7,A059090,20200207,14
691,a7,A059090,20200204,2
692,a7,A059090,20191016,13
693,a7,A059090,20190419,30
694,a7,A058820,20200806,6
695,a7,A058820,20190507,9
696,a7,A057540,20200918,9
697,a7,A057540,20200914,2
698,a7,A057540,20200714,13
699,a7,A057500,20200914,1
700,a7,A057500,20200708,6
701,a7,A056700,20200921,48
702,a7,A054940,20190725,1
703,a7,A054780,20200210,2
704,a7,A054210,20190419,17
705,a7,A054090,20200123,7
706,a7,A053030,20201120,10
707,a7,A053030,20201007,23
708,a7,A053030,20200728,8
709,a7,A053030,20200724,1
710,a7,A053030,20200714,4
711,a7,A052600,20201111,2
712,a7,A052600,20190503,110
713,a7,A052600,20190408,6
714,a7,A052420,20191126,33
715,a7,A052420,20191007,31
716,a7,A052260,20191125,1
717,a7,A051915,20200811,11
718,a7,A051915,20200804,4
719,a7,A051910,20191104,3
720,a7,A051370,20201221,2
721,a7,A051370,20191105,28
722,a7,A051160,20201201,4
723,a7,A051160,20200721,4
724,a7,A051160,20191106,47
725,a7,A051160,20190408,4
726,a7,A050890,20200914,1
727,a7,A050890,20200831,2
728,a7,A050890,20200629,2
729,a7,A050890,20200327,20
730,a7,A050110,20200327,60
731,a7,A049480,20191218,8
732,a7,A049480,20191121,12
733,a7,A049480,20191105,7
734,a7,A049480,20190711,38
735,a7,A048530,20200514,8
736,a7,A048530,20191008,11
737,a7,A048410,20190408,17
738,a7,A048260,20191022,5
739,a7,A047820,20200924,7
740,a7,A047820,20200903,3
741,a7,A047400,20201120,6
742,a7,A047400,20200729,6
743,a7,A047400,20200626,1
744,a7,A046890,20200728,2
745,a7,A046440,20200625,10
746,a7,A046440,20200615,2
747,a7,A046440,20200526,13
748,a7,A046120,20190820,2
749,a7,A045390,20200421,1
750,a7,A044960,20200303,2
751,a7,A044340,20191010,5
752,a7,A043340,20200326,1
753,a7,A043290,20200908,3
754,a7,A043220,20200918,1
755,a7,A042700,20200810,1
756,a7,A042700,20200204,17
757,a7,A042670,20200908,3
758,a7,A042510,20200901,53
759,a7,A042040,20201120,1
760,a7,A041960,20200514,43
761,a7,A041960,20200228,1
762,a7,A041920,20200327,11
763,a7,A041910,20190909,4
764,a7,A041510,20191015,5
765,a7,A041190,20190626,83
766,a7,A040910,20200909,3
767,a7,A039860,20200706,6
768,a7,A039860,20200625,6
769,a7,A039560,20200731,2
770,a7,A039560,20200602,1
771,a7,A039440,20200526,39
772,a7,A038290,20200617,33
773,a7,A038290,20200615,1
774,a7,A038060,20200915,35
775,a7,A037760,20200211,3
776,a7,A037270,20200911,6
777,a7,A036930,20201208,1
778,a7,A036930,20190702,13
779,a7,A036890,20201006,50
780,a7,A036830,20200424,4
781,a7,A036830,20200122,8
782,a7,A036830,20190918,9
783,a7,A036710,20200211,3
784,a7,A036570,20191118,21
785,a7,A036540,20200918,37
786,a7,A036540,20200803,29
787,a7,A036540,20200108,4
788,a7,A036540,20190503,1
789,a7,A036480,20200128,2
790,a7,A036200,20200915,52
791,a7,A036200,20200807,2
792,a7,A036200,20200729,4
793,a7,A036200,20200507,15
794,a7,A036120,20201007,2
795,a7,A035720,20200716,9
796,a7,A035720,20200709,2
797,a7,A035720,20200625,9
798,a7,A035720,20200421,7
799,a7,A035600,20200806,21
800,a7,A035600,20200616,3
801,a7,A035600,20200206,14
802,a7,A035460,20190430,4
803,a7,A035420,20200828,4
804,a7,A035420,20200710,9
805,a7,A034220,20200810,3
806,a7,A034220,20190416,12
807,a7,A034020,20200803,4
808,a7,A033530,20200917,33
809,a7,A033530,20200611,11
810,a7,A033240,20200811,8
811,a7,A033180,20201005,1
812,a7,A033180,20191114,34
813,a7,A033170,20190430,38
814,a7,A032850,20200827,56
815,a7,A032640,20200810,2
816,a7,A032640,20200618,2
817,a7,A032500,20200810,13
818,a7,A032500,20200709,4
819,a7,A032500,20200414,11
820,a7,A032500,20200213,30
821,a7,A032500,20200114,15
822,a7,A031390,20200611,17
823,a7,A031330,20200924,2
824,a7,A030520,20200914,33
825,a7,A030520,20200707,1
826,a7,A030200,20190930,4
827,a7,A029960,20190313,9
828,a7,A028300,20200207,7
829,a7,A028300,20191115,51
830,a7,A028300,20190820,3
831,a7,A028260,20200616,1
832,a7,A027740,20200427,3
833,a7,A027740,20190614,65
834,a7,A027580,20191017,12
835,a7,A027410,20201217,5
836,a7,A026890,20201126,1
837,a7,A025900,20200807,1
838,a7,A025550,20201012,26
839,a7,A025320,20201012,8
840,a7,A025320,20191001,3
841,a7,A024900,20190419,16
842,a7,A023900,20201215,2
843,a7,A023600,20200619,1
844,a7,A021050,20200203,1
845,a7,A020150,20200625,22
846,a7,A020150,20200128,10
847,a7,A020150,20191217,20
848,a7,A020150,20190726,4
849,a7,A019550,20200716,17
850,a7,A019540,20191007,49
851,a7,A019170,20200826,3
852,a7,A019170,20200326,6
853,a7,A018880,20200416,2
854,a7,A018880,20200225,3
855,a7,A018620,20200907,8
856,a7,A018620,20200807,2
857,a7,A161580,20200504,18
858,a7,A161580,20200911,3
859,a7,A164060,20200903,9
860,a7,A170030,20201203,6
861,a7,A177830,20201127,2
862,a7,A178320,20191212,3
863,a7,A178320,20200319,5
864,a7,A178320,20200602,18
865,a7,A178320,20200706,2
866,a7,A178320,20200709,7
867,a7,A181710,20200709,2
868,a7,A182360,20190417,68
869,a7,A182400,20200916,3
870,a7,A185490,20200626,27
871,a7,A187870,20201016,27
872,a7,A192440,20190422,13
873,a7,A192650,20200722,4
874,a7,A195500,20200714,1
875,a7,A195870,20200511,43
876,a7,A195870,20200914,68
877,a7,A200130,20190320,32
878,a7,A200230,20200129,13
879,a7,A200230,20200331,58
880,a7,A200470,20200506,29
881,a7,A200470,20200908,38
882,a7,A203450,20190624,122
883,a7,A203650,20200214,53
884,a7,A203650,20200518,1
885,a7,A203650,20200806,27
886,a7,A203650,20200916,10
887,a7,A203650,20201008,38
888,a7,A204320,20201006,25
889,a7,A204620,20190604,10
890,a7,A205100,20190508,167
891,a7,A205100,20200327,11
892,a7,A205470,20201124,2
893,a7,A205470,20201130,14
894,a7,A207760,20191010,14
895,a7,A207760,20200203,3
896,a7,A207760,20200612,3
897,a7,A207760,20200709,16
898,a7,A207940,20190917,5
899,a7,A207940,20200128,5
900,a7,A207940,20200413,4
901,a7,A207940,20200624,1
902,a7,A208340,20191023,9
903,a7,A214270,20190613,1
904,a7,A214270,20190617,171
905,a7,A214270,20200424,4
906,a7,A214610,20201123,16
907,a7,A214870,20200922,11
908,a7,A215100,20190416,29
909,a7,A215380,20200403,13
910,a7,A215600,20191004,2
911,a7,A215600,20191015,5
912,a7,A215600,20191031,2
913,a7,A217730,20191218,9
914,a7,A217730,20200323,4
915,a7,A217730,20200520,5
916,a7,A218410,20190823,2
917,a7,A218410,20200212,17
918,a7,A218410,20200309,1
919,a7,A218410,20200417,58
920,a7,A220260,20191028,7
921,a7,A220260,20200701,4
922,a7,A220260,20200805,1
923,a7,A222800,20200915,58
924,a7,A226330,20200904,1
925,a7,A226440,20190611,155
926,a7,A226950,20201007,3
927,a7,A228760,20200327,9
928,a7,A229640,20190516,11
929,a7,A229640,20200907,52
930,a7,A230240,20200518,4
931,a7,A232140,20190619,22
932,a7,A234080,20200615,17
933,a7,A238120,20200330,1
934,a7,A238120,20200805,10
935,a7,A238490,20200424,4
936,a7,A238490,20200915,1
937,a7,A239340,20191218,11
938,a7,A239340,20200108,1
939,a7,A240810,20190318,3
940,a7,A240810,20190404,11
941,a7,A240810,20191029,33
942,a7,A240810,20200106,8
943,a7,A240810,20200416,6
944,a7,A240810,20200709,11
945,a7,A241520,20200901,5
946,a7,A241560,20200807,2
947,a7,A241690,20200715,10
948,a7,A241820,20200318,1
949,a7,A242040,20200714,2
950,a7,A245620,20200330,6
951,a7,A245620,20200828,1
952,a7,A251270,20200306,2
953,a7,A253450,20200420,6
954,a7,A253840,20200310,4
955,a7,A253840,20200319,1
956,a7,A253840,20200327,12
957,a7,A255440,20191217,11
958,a7,A257370,20200212,73
959,a7,A257370,20200622,10
960,a7,A257370,20200707,2
961,a7,A260660,20200617,6
962,a7,A261200,20200707,5
963,a7,A263050,20200306,1
964,a7,A263050,20200310,1
965,a7,A263050,20200320,4
966,a7,A263700,20200424,4
967,a7,A263750,20200820,5
968,a7,A263800,20200911,61
969,a7,A265520,20190314,45
970,a7,A265520,20190719,21
971,a7,A265520,20200107,38
972,a7,A265520,20200310,42
973,a7,A265560,20200331,5
974,a7,A265560,20200408,7
975,a7,A265560,20200706,2
976,a7,A265560,20200910,3
977,a7,A267270,20200807,1
978,a7,A278280,20200826,5
979,a7,A284620,20200618,2
980,a7,A290270,20190827,6
981,a7,A290550,20200218,57
982,a7,A290670,20200709,1
983,a7,A290720,20190416,3
984,a7,A290740,20190830,10
985,a7,A290740,20200217,81
986,a7,A293480,20200806,10
987,a7,A298000,20200424,4
988,a7,A298380,20191028,5
989,a7,A298380,20200410,1
990,a7,A298690,20190528,3
991,a7,A302430,20200901,2
992,a7,A303030,20200214,17
993,a7,A308170,20200805,2
994,a7,A312610,20200205,7
995,a7,A317120,20201110,11
996,a7,A322000,20200807,18
997,a7,A322180,20200904,2
998,a7,A326030,20200706,17
999,a7,A336370,20200204,6
1000,a7,A018620,20200803,3
1001,a7,A018620,20200708,2
1002,a7,A018000,20201105,2
1003,a7,A018000,20200908,23
1004,a7,A018000,20200828,5
1005,a7,A018000,20200714,3
1006,a7,A017890,20201120,4
1007,a7,A017890,20200730,2
1008,a7,A017890,20190416,4
1009,a7,A016090,20200605,20
1010,a7,A015860,20200907,70
1011,a7,A015860,20200720,1
1012,a7,A015860,20200701,3
1013,a7,A015760,20200413,3
1014,a7,A014620,20200722,1
1015,a7,A014570,20200909,23
1016,a7,A014190,20191106,41
1017,a7,A014160,20200707,4
1018,a7,A013310,20200916,13
1019,a7,A013030,20200909,50
1020,a7,A012700,20200804,27
1021,a7,A012510,20200904,51
1022,a7,A012510,20200601,10
1023,a7,A012450,20200907,4
1024,a7,A012340,20200917,1
1025,a7,A011930,20201209,1
1026,a7,A011930,20201118,2
1027,a7,A011930,20201006,6
1028,a7,A011790,20200625,8
1029,a7,A011370,20201013,3
1030,a7,A011320,20200915,51
1031,a7,A011320,20200901,7
1032,a7,A011320,20200417,1
1033,a7,A011320,20200110,2
1034,a7,A011210,20200327,7
1035,a7,A011210,20190507,9
1036,a7,A011210,20190321,12
1037,a7,A011210,20190312,5
1038,a7,A011150,20200227,2
1039,a7,A011000,20200401,4
1040,a7,A010690,20201008,37
1041,a7,A010660,20200107,3
1042,a7,A010170,20200915,53
1043,a7,A010170,20200715,4
1044,a7,A010170,20190702,85
1045,a7,A010170,20190516,20
1046,a7,A010170,20190502,1
1047,a7,A010060,20200729,2
1048,a7,A009830,20190314,15
1049,a7,A009470,20201217,3
1050,a7,A009460,20201103,7
1051,a7,A009450,20200713,1
1052,a7,A009320,20201202,4
1053,a7,A009320,20200916,15
1054,a7,A009320,20200831,5
1055,a7,A009320,20191107,40
1056,a7,A009150,20200708,1
1057,a7,A009150,20200421,3
1058,a7,A009150,20191212,22
1059,a7,A009150,20190726,4
1060,a7,A009150,20190503,1
1061,a7,A008770,20191107,6
1062,a7,A008700,20200526,2
1063,a7,A008350,20200703,26
1064,a7,A008350,20200226,7
1065,a7,A008350,20200103,2
1066,a7,A008350,20190520,100
1067,a7,A007660,20200121,17
1068,a7,A007460,20200902,13
1069,a7,A007370,20201109,9
1070,a7,A007110,20200421,1
1071,a7,A006890,20201204,1
1072,a7,A006890,20201123,1
1073,a7,A006620,20200908,6
1074,a7,A006620,20200327,3
1075,a7,A006490,20190930,4
1076,a7,A006400,20200416,1
1077,a7,A006120,20200512,5
1078,a7,A006060,20200916,8
1079,a7,A005950,20201201,2
1080,a7,A005930,20201209,10
1081,a7,A005930,20200813,18
1082,a7,A005930,20200327,68
1083,a7,A005930,20191014,21
1084,a7,A005930,20190314,2
1085,a7,A005690,20200323,13
1086,a7,A005690,20200319,1
1087,a7,A005390,20200909,2
1088,a7,A005390,20200727,3
1089,a7,A005380,20200812,14
1090,a7,A005380,20200206,9
1091,a7,A005290,20200811,43
1092,a7,A005290,20200629,8
1093,a7,A005290,20200622,3
1094,a7,A005290,20200618,1
1095,a7,A005070,20200708,18
1096,a7,A004770,20200921,1
1097,a7,A003690,20201202,3
1098,a7,A003670,20200624,11
1099,a7,A003670,20200204,5
1100,a7,A003670,20190418,10
1101,a7,A003560,20190503,47
1102,a7,A003520,20201104,1
1103,a7,A003490,20200421,1
1104,a7,A003220,20200904,2
1105,a7,A003010,20200916,16
1106,a7,A003010,20200729,5
1107,a7,A003000,20200810,2
1108,a7,A003000,20200330,1
1109,a7,A003000,20200326,1
1110,a7,A002880,20190507,8
1111,a7,A002870,20201207,5
1112,a7,A002410,20200709,2
1113,a7,A002230,20200929,2
1114,a7,A001820,20200110,16
1115,a7,A001820,20190313,15
1116,a7,A001440,20201214,3
1117,a7,A001440,20201124,2
1118,a7,A001390,20200811,81
1119,a7,A001390,20200709,4
1120,a7,A001390,20200422,2
1121,a7,A001390,20200206,30
1122,a7,A001360,20191101,1
1123,a7,A001340,20200506,44
1124,a7,A001230,20201209,7
1125,a7,A001060,20200615,1
1126,a7,A000990,20200422,5
1127,a7,A000990,20200203,1
1128,a7,A000990,20191115,15
1129,a7,A000990,20190827,8
1130,a7,A000910,20200728,1
1131,a7,A000890,20190529,7
1132,a7,A000720,20201210,6
1133,a7,A000660,20200420,52
1134,a7,A000660,20190918,12
1135,a7,A000660,20190311,5
1136,a7,A000440,20200207,20
1137,a7,A000270,20200812,24
1138,a7,A000270,20200730,7
1139,a7,A000270,20200720,7
1140,a7,A000270,20190507,1
1141,a7,A000270,20190408,7
1142,a7,A000150,20201224,2
1143,a7,A000080,20200122,16
1144,a7,A114450,20200803,6
1145,a7,A095610,20190320,1
1146,a7,A095610,20200106,10
1147,a7,A095610,20200122,15
1148,a7,A095610,20200421,7
1149,a7,A095720,20190412,123
1150,a7,A096530,20200309,5
1151,a7,A096530,20200327,12
1152,a7,A096530,20200721,1
1153,a7,A096630,20200915,3
1154,a7,A096770,20200807,4
1155,a7,A096770,20201201,6
1156,a7,A097520,20200423,5
1157,a7,A097520,20200729,29
1158,a7,A100090,20200908,7
1159,a7,A100130,20200713,5
1160,a7,A100130,20200727,11
1161,a7,A100130,20200902,2
1162,a7,A100130,20200917,16
1163,a7,A100130,20201105,2
1164,a7,A100130,20201124,6
1165,a7,A101140,20200416,2
1166,a7,A101490,20200623,1
1167,a7,A102120,20200205,4
1168,a7,A102120,20200504,18
1169,a7,A102120,20200601,7
1170,a7,A102460,20200904,18
1171,a7,A102710,20200730,5
1172,a7,A102710,20201120,1
1173,a7,A103140,20191106,26
1174,a7,A103590,20200910,39
1175,a7,A104480,20190611,104
1176,a7,A104830,20200422,5
1177,a7,A104830,20200709,9
1178,a7,A105560,20201105,5
1179,a7,A105740,20201030,4
1180,a7,A108490,20190418,45
1181,a7,A109820,20200727,1
1182,a7,A109960,20200901,1
1183,a8,A215000,20191203,64
1184,a8,A215000,20190726,84
1185,a8,A215000,20190610,24
1186,a8,A215000,20190603,3
1187,a8,A214320,20190801,91
1188,a8,A214150,20191203,111
1189,a8,A214150,20190814,27
1190,a8,A214150,20190617,36
1191,a8,A204480,20190701,1
1192,a8,A204480,20190611,1
1193,a8,A200710,20200317,41
1194,a8,A200710,20200103,9
1195,a8,A192440,20200203,74
1196,a8,A192440,20190705,2
1197,a8,A192090,20200313,24
1198,a8,A192090,20200131,20
1199,a8,A192090,20190802,14
1200,a8,A18064K,20190528,3
1201,a8,A180640,20190528,3
1202,a8,A160550,20190612,13
1203,a8,A150460,20200225,9
1204,a8,A150460,20200131,11
1205,a8,A139480,20200911,7
1206,a8,A138080,20190701,1
1207,a8,A131370,20200410,4
1208,a8,A131370,20200319,12
1209,a8,A131370,20200226,10
1210,a8,A131370,20190530,47
1211,a8,A130680,20190916,1
1212,a8,A130580,20190726,118
1213,a8,A130580,20190619,9
1214,a8,A128940,20190626,4
1215,a8,A122630,20201109,6
1216,a8,A122630,20201105,1
1217,a8,A122630,20200221,5
1218,a8,A122630,20200131,2
1219,a8,A122630,20190627,1
1220,a8,A122630,20190611,1
1221,a8,A122630,20190605,2
1222,a8,A121600,20200804,63
1223,a8,A112610,20201105,1
1224,a8,A112610,20190611,185
1225,a8,A109860,20190531,140
1226,a8,A106240,20200123,75
1227,a8,A102110,20201029,15
1228,a8,A102110,20200923,10
1229,a8,A102110,20200825,17
1230,a8,A102110,20200807,7
1231,a8,A102110,20200106,80
1232,a8,A102110,20191209,10
1233,a8,A101160,20190528,7
1234,a8,A099190,20190722,27
1235,a8,A093370,20190717,2
1236,a8,A093370,20190711,3
1237,a8,A092130,20190708,210
1238,a8,A092130,20190613,4
1239,a8,A089030,20190612,127
1240,a8,A088800,20190619,2
1241,a8,A088800,20190528,5
1242,a8,A086450,20200110,40
1243,a8,A086450,20191115,27
1244,a8,A086450,20190712,4
1245,a8,A082210,20190610,43
1246,a8,A078600,20200804,63
1247,a8,A073490,20200313,13
1248,a8,A073490,20200224,11
1249,a8,A073490,20200130,6
1250,a8,A073490,20190710,6
1251,a8,A069500,20200130,3
1252,a8,A067160,20191203,236
1253,a8,A067160,20190530,80
1254,a8,A066570,20190802,29
1255,a8,A066570,20190611,27
1256,a8,A065510,20200121,111
1257,a8,A060720,20200123,31
1258,a8,A060250,20190712,2
1259,a8,A060250,20190620,6
1260,a8,A060250,20190618,1
1261,a8,A058470,20190926,36
1262,a8,A058470,20190805,28
1263,a8,A053580,20200128,66
1264,a8,A053580,20191205,28
1265,a8,A053580,20191114,10
1266,a8,A053580,20190705,49
1267,a8,A053580,20190617,11
1268,a8,A053580,20190604,6
1269,a8,A053580,20190531,1
1270,a8,A053350,20191203,30
1271,a8,A053350,20190731,81
1272,a8,A052460,20190611,1
1273,a8,A051915,20190531,6
1274,a8,A051160,20190624,4
1275,a8,A051160,20190618,2
1276,a8,A049720,20190701,215
1277,a8,A049720,20190612,5
1278,a8,A049070,20190610,285
1279,a8,A049070,20190524,9
1280,a8,A048410,20190627,1
1281,a8,A047310,20190611,360
1282,a8,A047310,20190530,4
1283,a8,A040420,20190607,186
1284,a8,A039830,20190716,8
1285,a8,A039340,20191106,47
1286,a8,A039340,20190624,33
1287,a8,A039010,20191029,45
1288,a8,A037460,20190611,13
1289,a8,A036830,20190715,1
1290,a8,A036810,20200617,97
1291,a8,A036810,20200103,18
1292,a8,A036570,20200709,84
1293,a8,A036570,20190621,6
1294,a8,A036540,20200317,41
1295,a8,A036540,20200103,18
1296,a8,A036190,20191008,36
1297,a8,A035760,20190614,148
1298,a8,A035760,20190524,6
1299,a8,A035720,20200129,29
1300,a8,A035720,20190627,3
1301,a8,A035720,20190527,18
1302,a8,A03473K,20200316,32
1303,a8,A03473K,20190708,50
1304,a8,A034310,20190528,18
1305,a8,A034120,20200123,220
1306,a8,A034120,20200106,10
1307,a8,A034120,20191213,12
1308,a8,A034120,20190704,106
1309,a8,A034120,20190522,29
1310,a8,A034120,20190520,1
1311,a8,A033660,20190531,7
1312,a8,A033640,20190626,4
1313,a8,A033290,20190611,3
1314,a8,A032500,20200929,13
1315,a8,A032500,20200224,30
1316,a8,A032500,20200130,9
1317,a8,A032500,20190730,12
1318,a8,A032500,20190701,1
1319,a8,A032500,20190614,5
1320,a8,A032500,20190528,5
1321,a8,A030190,20190711,136
1322,a8,A030190,20190704,3
1323,a8,A030190,20190523,28
1324,a8,A030000,20190802,244
1325,a8,A030000,20190710,4
1326,a8,A030000,20190523,18
1327,a8,A029960,20190617,226
1328,a8,A020150,20190604,4
1329,a8,A011790,20190614,12
1330,a8,A011070,20190723,43
1331,a8,A009450,20190701,1
1332,a8,A009415,20200312,25
1333,a8,A009415,20200131,1
1334,a8,A009415,20190617,147
1335,a8,A009410,20190617,11
1336,a8,A008490,20200306,2
1337,a8,A008490,20190926,77
1338,a8,A007700,20190823,6
1339,a8,A007700,20190819,1
1340,a8,A007700,20190708,28
1341,a8,A007700,20190617,11
1342,a8,A006400,20190725,24
1343,a8,A006400,20190614,24
1344,a8,A006400,20190604,4
1345,a8,A005945,20190729,33
1346,a8,A005945,20190625,5
1347,a8,A005935,20190528,25
1348,a8,A005930,20200311,26
1349,a8,A005930,20190605,2
1350,a8,A005850,20190611,5
1351,a8,A005389,20190701,13
1352,a8,A005380,20200810,41
1353,a8,A005290,20190716,3
1354,a8,A005290,20190709,3
1355,a8,A005290,20190701,1
1356,a8,A004430,20190724,120
1357,a8,A004430,20190705,1
1358,a8,A004430,20190617,13
1359,a8,A002700,20190530,3
1360,a8,A000815,20200812,3
1361,a8,A000660,20200117,205
1362,a8,A000660,20200109,1
1363,a8,A000660,20190916,58
1364,a8,A000660,20190701,1
1365,a8,A000660,20190605,1
1366,a8,A000270,20190604,9
1367,a8,A326030,20200702,3
1368,a8,A316140,20191106,20
1369,a8,A302430,20190612,24
1370,a8,A300080,20190717,2
1371,a8,A299900,20190625,253
1372,a8,A291660,20190524,5
1373,a8,A290740,20190611,8
1374,a8,A285130,20200727,37
1375,a8,A278280,20200804,36
1376,a8,A268600,20200221,82
1377,a8,A268600,20200205,11
1378,a8,A267790,20190530,4
1379,a8,A263750,20200904,62
1380,a8,A263750,20200224,11
1381,a8,A263750,20191120,17
1382,a8,A263750,20190627,61
1383,a8,A252670,20200309,1
1384,a8,A252670,20200227,1
1385,a8,A251340,20190808,78
1386,a8,A250780,20200820,2
1387,a8,A250780,20200128,1
1388,a8,A242040,20190603,20
1389,a8,A237880,20190711,1
1390,a8,A236200,20200129,87
1391,a8,A234080,20190619,262
1392,a8,A234080,20190611,5
1393,a8,A233740,20190611,6
1394,a8,A232080,20201109,17
1395,a8,A232080,20201105,1
1396,a8,A232080,20201021,10
1397,a8,A232080,20200821,19
1398,a8,A230360,20190611,151
1399,a8,A226440,20190626,2
1400,a8,A226340,20190603,1
1401,a8,A220630,20190625,5
1402,a8,A219750,20190624,6
1403,a8,A219420,20190710,4
1404,a8,A218410,20190705,34
1405,a8,A218410,20190701,1
1406,a8,A218410,20190625,3
1407,a8,A217780,20200128,3
1408,a9,A011320,20200910,1
1409,a9,A011200,20200812,19
1410,a9,A010170,20200526,2
1411,a9,A010140,20201123,1
1412,a9,A009900,20201217,3
1413,a9,A009290,20200717,2
1414,a9,A007070,20201012,6
1415,a9,A005670,20201216,1
1416,a9,A005360,20200902,1
1417,a9,A005360,20200515,7
1418,a9,A003010,20200911,62
1419,a9,A002870,20201130,3
1420,a9,A002290,20201224,1
1421,a9,A001810,20201211,2
1422,a9,A001060,20200806,3
1423,a9,A000270,20201111,2
1424,a9,A347860,20201223,1
1425,a9,A317870,20200720,1
1426,a9,A299030,20201223,4
1427,a9,A217270,20201202,2
1428,a9,A204320,20200909,1
1429,a9,A204320,20200810,1
1430,a9,A204320,20200730,3
1431,a9,A195990,20201123,3
1432,a9,A160550,20201224,1
1433,a9,A160550,20200617,20
1434,a9,A148140,20201118,1
1435,a9,A148140,20200917,28
1436,a9,A141070,20201203,1
1437,a9,A139050,20201119,1
1438,a9,A131370,20200902,62
1439,a9,A127120,20200904,2
1440,a9,A123040,20201127,1
1441,a9,A122870,20200608,15
1442,a9,A121800,20200728,4
1443,a9,A119610,20200515,3
1444,a9,A109610,20201207,1
1445,a9,A099220,20200909,1
1446,a9,A097780,20200515,75
1447,a9,A096530,20200729,1
1448,a9,A094480,20200903,1
1449,a9,A093370,20200520,43
1450,a9,A092220,20201202,1
1451,a9,A089590,20201111,10
1452,a9,A088800,20200811,1
1453,a9,A083640,20201127,1
1454,a9,A076080,20200717,1
1455,a9,A068760,20201215,4
1456,a9,A068330,20200826,7
1457,a9,A068050,20201208,5
1458,a9,A067170,20201214,1
1459,a9,A067010,20201204,6
1460,a9,A067010,20201126,1
1461,a9,A065350,20201228,1
1462,a9,A064350,20200728,1
1463,a9,A064260,20200901,1
1464,a9,A064260,20200825,1
1465,a9,A063160,20200805,1
1466,a9,A058400,20200706,5
1467,a9,A058400,20200701,1
1468,a9,A051980,20200702,2
1469,a9,A047820,20200908,2
1470,a9,A047400,20200727,9
1471,a9,A042510,20200714,3
1472,a9,A042500,20201204,8
1473,a9,A041140,20201203,6
1474,a9,A038880,20201215,1
1475,a9,A037270,20200702,8
1476,a9,A035900,20200519,13
1477,a9,A035760,20200703,5
1478,a9,A035420,20201116,6
1479,a9,A032680,20201130,2
1480,a9,A026890,20200831,1
1481,a9,A026890,20200811,12
1482,a9,A026890,20200715,10
1483,a9,A026890,20200713,1
1484,a9,A022100,20200909,1
1485,a9,A019170,20200729,14
1486,a9,A019170,20200716,7
1487,a9,A017890,20200529,1
1488,a9,A015760,20200616,7
1489,a9,A013000,20200918,1
1490,a9,A012790,20200722,4
1491,a10,A288620,20200810,27
1492,a10,A271980,20201119,12
1493,a10,A271980,20200831,48
1494,a10,A26490K,20180514,4
1495,a10,A253840,20200320,3
1496,a10,A252670,20200324,103
1497,a10,A252670,20200319,2
1498,a10,A252500,20191126,3
1499,a10,A251340,20200318,2
1500,a10,A011150,20200831,30
1501,a10,A011320,20200611,46
1502,a10,A014570,20200512,3
1503,a10,A014990,20200421,10
1504,a10,A017960,20200228,3
1505,a10,A017960,20200513,16
1506,a10,A017960,20200612,22
1507,a10,A066970,20200626,3
1508,a10,A066970,20180920,402
1509,a10,A066700,20180111,1
1510,a10,A066590,20200902,1
1511,a10,A066130,20200827,40
1512,a10,A066130,20200521,5
1513,a10,A065440,20200915,12
1514,a10,A065440,20200518,64
1515,a10,A064260,20200831,27
1516,a10,A091700,20200520,1
1517,a10,A091990,20180104,12
1518,a10,A091990,20180810,393
1519,a10,A091990,20200424,1
1520,a10,A091990,20200623,111
1521,a10,A064260,20200313,41
1522,a10,A064260,20200228,3
1523,a10,A018000,20180521,495
1524,a10,A018290,20180530,463
1525,a10,A023900,20200709,48
1526,a10,A025770,20200212,26
1527,a10,A025770,20200402,4
1528,a10,A084990,20190927,154
1529,a10,A025980,20191101,118
1530,a10,A103130,20171127,603
1531,a10,A100120,20200713,4
1532,a10,A000020,20200515,15
1533,a10,A097780,20200826,1
1534,a10,A083790,20201221,1
1535,a10,A083500,20201216,1
1536,a10,A082850,20201202,1
1537,a10,A080420,20171110,10
1538,a10,A097780,20200803,5
1539,a10,A000020,20200608,54
1540,a10,A000020,20200903,8
1541,a10,A000180,20180508,357
1542,a10,A000660,20190522,26
1543,a10,A000660,20200603,2
1544,a10,A085660,20200804,6
1545,a10,A072990,20190228,101
1546,a10,A071670,20200713,1
1547,a10,A069080,20200727,8
1548,a10,A069080,20200707,1
1549,a10,A069080,20180111,607
1550,a10,A068760,20180115,579
1551,a10,A067630,20200326,47
1552,a10,A067630,20200305,3
1553,a10,A067630,20180410,418
1554,a10,A067290,20200507,7
1555,a10,A067170,20201119,19
1556,a10,A251340,20200304,9
1557,a10,A251340,20190905,2
1558,a10,A251340,20190220,21
1559,a10,A251270,20201203,11
1560,a10,A251270,20200901,28
1561,a10,A243840,20190909,45
1562,a10,A237880,20190722,6
1563,a10,A066970,20200818,23
1564,a10,A088800,20201127,16
1565,a10,A089890,20200722,4
1566,a10,A089890,20200812,84
1567,a10,A000990,20200410,22
1568,a10,A025980,20200701,4
1569,a10,A026040,20190304,20
1570,a10,A026890,20200708,2
1571,a10,A026890,20200713,1
1572,a10,A027050,20200819,1
1573,a10,A027740,20191018,13
1574,a10,A028300,20171208,14
1575,a10,A030960,20180418,5
1576,a10,A031430,20201203,10
1577,a10,A052020,20200623,126
1578,a10,A046440,20200728,8
1579,a10,A050090,20180517,243
1580,a10,A096770,20200915,4
1581,a10,A093370,20200828,5
1582,a10,A093190,20200519,14
1583,a10,A032190,20200423,7
1584,a10,A032560,20200210,28
1585,a10,A032560,20200527,12
1586,a10,A032580,20171109,17
1587,a10,A033180,20190401,3
1588,a10,A033320,20200218,22
1589,a10,A033320,20200520,14
1590,a10,A033320,20200902,6
1591,a10,A034220,20200812,1
1592,a10,A036540,20200408,6
1593,a10,A036640,20200706,5
1594,a10,A038070,20200610,30
1595,a10,A038460,20200508,27
1596,a10,A038460,20201207,7
1597,a10,A039560,20200406,4
1598,a10,A041190,20200213,57
1599,a10,A041960,20200309,13
1600,a10,A042500,20200824,2
1601,a10,A043150,20200507,1
1602,a10,A053580,20191004,147
1603,a10,A052710,20200508,25
1604,a10,A052400,20190425,259
1605,a10,A000990,20200818,1
1606,a10,A000990,20200827,2
1607,a10,A001060,20191206,73
1608,a10,A001060,20200331,38
1609,a10,A001060,20200714,12
1610,a10,A001550,20200203,7
1611,a10,A002100,20200717,1
1612,a10,A002460,20200305,10
1613,a10,A003490,20200807,3
1614,a10,A004720,20191218,50
1615,a10,A004720,20200306,24
1616,a10,A004720,20200416,9
1617,a10,A004720,20200610,32
1618,a10,A004720,20200727,5
1619,a10,A004960,20180430,10
1620,a10,A005070,20200228,2
1621,a10,A005290,20201210,8
1622,a10,A005380,20200825,8
1623,a10,A005690,20200213,15
1624,a10,A005690,20200318,1
1625,a10,A005930,20200925,3
1626,a10,A060570,20180821,115
1627,a10,A090460,20180920,252
1628,a10,A058820,20200907,4
1629,a10,A057540,20180504,48
1630,a10,A053580,20200612,7
1631,a10,A005945,20191114,133
1632,a10,A006120,20200810,2
1633,a10,A236200,20200422,8
1634,a10,A234690,20200427,15
1635,a10,A234300,20180119,70
1636,a10,A233740,20201020,10
1637,a10,A233740,20200406,4
1638,a10,A233740,20200327,4
1639,a10,A233740,20200316,8
1640,a10,A233740,20200226,6
1641,a10,A233740,20190520,9
1642,a10,A233740,20181015,91
1643,a10,A233740,20180323,18
1644,a10,A232140,20201112,4
1645,a10,A220100,20180112,572
1646,a10,A217480,20200608,46
1647,a10,A200710,20190425,53
1648,a10,A196490,20180810,26
1649,a10,A190510,20200810,2
1650,a10,A190510,20200731,5
1651,a10,A139480,20201203,9
1652,a10,A130500,20200820,4
1653,a10,A126700,20200609,1
1654,a10,A123420,20200806,4
1655,a10,A122630,20200310,49
1656,a10,A006910,20180419,36
1657,a10,A007720,20200113,2
1658,a10,A008060,20200218,6
1659,a10,A120240,20200803,18
1660,a10,A120240,20200630,1
1661,a10,A114800,20200319,1
1662,a10,A114800,20200313,2
1663,a10,A114800,20200311,1
1664,a10,A109820,20200311,8
1665,a10,A109820,20200219,1
1666,a10,A103840,20200429,3
1667,a10,A103840,20200413,9
1668,a10,A008060,20200227,117
1669,a10,A008770,20171113,46
1670,a10,A009150,20181025,245
1671,a10,A009270,20200508,62
1672,a10,A009290,20171109,41
1673,a10,A010600,20200420,25
1674,a10,A011150,20200515,65
1675,a10,A353200,20200826,14
1676,a10,A353200,20200728,3
1677,a10,A353200,20200717,3
1678,a10,A353200,20200521,40
1679,a10,A298380,20200915,3
1680,a10,A298380,20200728,32
1681,a10,A298380,20200310,64
1682,a10,A298380,20200128,28
1683,a10,A294870,20200520,7
1684,a11,A027050,20201030,11
1685,a11,A018880,20200409,2
1686,a11,A018290,20200518,8
1687,a11,A017480,20200909,63
1688,a11,A014990,20200504,1
1689,a11,A014680,20200508,5
1690,a11,A011000,20200403,1
1691,a11,A010140,20200303,6
1692,a11,A009835,20200708,1
1693,a11,A009320,20200821,11
1694,a11,A009150,20200409,2
1695,a11,A008770,20200706,24
1696,a11,A008770,20200406,3
1697,a11,A006730,20200410,15
1698,a11,A006400,20200409,5
1699,a11,A005930,20200527,5
1700,a11,A005930,20200515,1
1701,a11,A005880,20200603,109
1702,a11,A005440,20200814,58
1703,a11,A004720,20200909,16
1704,a11,A004060,20200611,17
1705,a11,A003555,20200723,3
1706,a11,A003490,20200807,5
1707,a11,A003410,20200521,72
1708,a11,A003350,20200406,3
1709,a11,A003000,20201112,22
1710,a11,A002900,20200703,20
1711,a11,A001230,20200702,15
1712,a11,A001065,20200709,3
1713,a11,A021080,20200520,56
1714,a11,A000250,20200407,1
1715,a11,A000660,20200820,13
1716,a11,A294140,20200310,1
1717,a11,A289010,20200603,21
1718,a11,A285130,20200924,1
1719,a11,A277410,20200302,42
1720,a11,A261220,20200421,17
1721,a11,A251270,20200624,11
1722,a11,A251270,20200407,19
1723,a11,A243840,20200406,5
1724,a11,A241560,20200527,8
1725,a11,A230240,20200408,3
1726,a11,A221610,20200407,44
1727,a11,A221610,20200318,8
1728,a11,A215600,20200420,2
1729,a11,A215380,20200909,2
1730,a11,A206650,20200814,1
1731,a11,A201490,20200608,20
1732,a11,A198440,20200423,1
1733,a11,A180640,20200421,1
1734,a11,A178320,20200409,57
1735,a11,A141080,20200714,3
1736,a11,A140670,20200303,26
1737,a11,A118000,20200803,2
1738,a11,A097780,20200317,1
1739,a11,A093370,20200519,1
1740,a11,A089590,20200326,1
1741,a11,A088290,20200428,4
1742,a11,A088290,20200320,16
1743,a11,A086890,20200924,4
1744,a11,A085660,20200714,7
1745,a11,A083790,20200805,1
1746,a11,A078160,20200507,101
1747,a11,A078150,20200427,6
1748,a11,A074610,20200303,5
1749,a11,A068270,20200929,4
1750,a11,A067310,20200424,2
1751,a11,A066410,20200311,7
1752,a11,A066130,20201023,32
1753,a11,A066130,20200806,8
1754,a11,A063170,20200406,1
1755,a11,A060150,20200428,66
1756,a11,A052420,20200914,15
1757,a11,A050890,20200414,63
1758,a11,A046120,20200416,2
1759,a11,A045970,20200408,1
1760,a11,A042510,20200820,13
1761,a11,A041920,20200331,1
1762,a11,A039560,20200924,1
1763,a11,A036890,20200429,37
1764,a11,A033500,20200417,23
1765,a11,A033270,20201113,4
1766,a11,A032500,20200401,1
1767,a11,A031390,20200504,160
1768,a11,A028670,20200929,28
1769,a11,A028670,20200518,12
1770,a11,A028300,20200723,15
1771,a11,A028260,20201029,4
1772,a12,A316140,20200908,17
1773,a12,A009830,20200320,5
1774,a12,A006800,20200608,12
1775,a12,A006360,20200320,78
1776,a12,A003690,20200909,16
1777,a12,A003690,20200320,78
1778,a12,A003060,20180529,89
1779,a12,A001540,20180529,89
1780,a12,A000810,20200724,48
1781,a12,A000810,20200320,78
1782,a12,A326030,20200908,17
1783,a12,A009830,20200428,52
1784,a12,A011210,20200325,2
1785,a12,A011210,20200428,52
1786,a12,A012790,20180529,89
1787,a12,A027740,20200908,17
1788,a12,A028050,20190408,174
1789,a12,A033180,20180529,89
1790,a12,A034730,20200908,17
1791,a12,A036460,20200320,78
1792,a12,A036460,20200716,54
1793,a12,A044450,20200325,2
1794,a12,A047040,20200320,3
1795,a12,A055550,20200618,18
1796,a12,A055550,20200908,17
1797,a12,A061250,20180529,89
1798,a12,A068330,20180529,89
1799,a12,A085660,20180529,82
1800,a12,A122900,20200320,9
1801,a12,A138040,20200320,9
1802,a12,A203690,20180529,89
1803,a12,A234340,20200820,30
1804,a12,A253280,20180529,89
1805,a12,A316140,20200320,78
1806,a13,A285130,20200403,6
1807,a13,A290270,20190829,18
1808,a13,A298050,20190823,1
1809,a13,A298050,20200728,6
1810,a13,A298050,20200904,1
1811,a13,A298050,20200908,10
1812,a13,A302430,20200702,16
1813,a13,A322000,20200720,1
1814,a13,A122990,20200911,4
1815,a13,A122990,20200909,1
1816,a13,A112610,20200911,4
1817,a13,A097520,20200519,1
1818,a13,A097520,20200122,11
1819,a13,A096630,20200218,1
1820,a13,A096530,20200319,1
1821,a13,A096530,20191113,40
1822,a13,A095700,20200828,8
1823,a13,A095700,20200804,1
1824,a13,A094480,20190404,72
1825,a13,A094360,20200804,18
1826,a13,A093370,20200901,1
1827,a13,A092190,20200609,4
1828,a13,A091990,20200130,12
1829,a13,A089030,20200702,4
1830,a13,A087260,20200812,3
1831,a13,A087260,20200408,1
1832,a13,A087260,20190403,157
1833,a13,A087010,20191217,18
1834,a13,A086040,20200615,23
1835,a13,A084850,20200221,1
1836,a13,A084850,20191115,31
1837,a13,A083550,20200403,2
1838,a13,A083450,20190904,4
1839,a13,A076610,20190521,1
1840,a13,A069410,20200520,65
1841,a13,A068760,20200326,3
1842,a13,A067900,20200723,7
1843,a13,A065660,20200805,5
1844,a13,A065660,20200413,23
1845,a13,A060720,20200902,2
1846,a13,A056360,20200107,21
1847,a13,A054940,20190725,14
1848,a13,A054670,20190917,17
1849,a13,A053590,20190702,12
1850,a13,A053300,20200714,1
1851,a13,A052260,20200420,9
1852,a13,A052260,20200309,2
1853,a13,A052260,20191202,27
1854,a13,A048530,20200519,5
1855,a13,A045390,20200703,1
1856,a13,A039860,20200110,25
1857,a13,A038680,20200901,12
1858,a13,A038070,20200615,25
1859,a13,A038070,20200417,35
1860,a13,A036420,20190422,10
1861,a13,A035420,20200420,3
1862,a13,A033340,20190620,49
1863,a13,A032500,20200408,3
1864,a13,A028300,20200813,18
1865,a13,A027360,20200206,8
1866,a13,A026890,20200211,2
1867,a13,A026890,20200207,1
1868,a13,A025980,20190701,46
1869,a13,A025820,20190522,20
1870,a13,A023590,20200916,1
1871,a13,A020150,20200117,15
1872,a13,A019170,20200819,15
1873,a13,A017890,20200407,1
1874,a13,A017800,20200619,8
1875,a13,A015860,20200811,26
1876,a13,A015590,20191120,5
1877,a13,A014100,20200219,1
1878,a13,A014100,20200128,2
1879,a13,A012700,20190826,53
1880,a13,A011930,20200907,11
1881,a13,A011000,20200804,6
1882,a13,A009680,20200910,5
1883,a13,A007570,20200331,1
1884,a13,A006490,20200109,9
1885,a13,A005690,20200409,2
1886,a13,A005690,20200323,1
1887,a13,A005690,20200309,1
1888,a13,A005690,20200305,1
1889,a13,A005500,20200911,2
1890,a13,A005500,20200721,2
1891,a13,A005500,20200507,31
1892,a13,A005500,20200217,3
1893,a13,A005390,20190509,8
1894,a13,A002720,20200826,1
1895,a13,A001820,20200812,3
1896,a13,A001820,20200727,10
1897,a13,A001820,20200710,10
1898,a13,A001820,20200302,1
1899,a13,A001820,20200122,12
1900,a13,A001060,20200421,2
1901,a13,A000520,20200827,6
1902,a13,A123040,20200115,6
1903,a13,A126880,20190626,6
1904,a13,A126880,20190718,84
1905,a13,A126880,20200910,8
1906,a13,A130500,20191203,41
1907,a13,A141080,20200602,6
1908,a13,A141080,20200917,3
1909,a13,A144510,20200330,1
1910,a13,A175250,20200803,4
1911,a13,A200230,20200826,1
1912,a13,A200710,20200226,1
1913,a13,A200710,20200305,4
1914,a13,A207760,20191113,1
1915,a13,A207760,20200605,4
1916,a13,A215360,20200414,2
1917,a13,A218410,20200320,1
1918,a13,A252500,20190423,5
1919,a13,A263050,20200413,1
1920,a13,A263050,20200423,12
1921,a13,A263700,20200303,2
1922,a13,A263700,20200309,2
1923,a13,A263700,20200318,1
1924,a13,A267320,20200324,1
1925,a13,A268600,20200325,1
1926,a14,A122350,20200804,15
1927,a14,A030530,20200813,65
1928,a14,A011790,20201126,2
1929,a14,A011790,20201113,6
1930,a14,A005930,20200831,45
1931,a15,A241820,20200326,1
1932,a15,A245620,20200514,14
1933,a15,A253840,20200519,51
1934,a15,A253840,20200731,8
1935,a15,A245620,20200327,4
1936,a15,A002210,20181105,425
1937,a15,A003000,20200617,17
1938,a15,A003010,20180919,78
1939,a15,A003010,20190128,365
1940,a15,A005690,20180516,474
1941,a15,A005860,20180612,485
1942,a15,A005930,20180508,396
1943,a15,A006980,20180612,441
1944,a15,A009520,20180529,77
1945,a15,A009520,20180919,76
1946,a15,A009520,20190122,10
1947,a15,A009520,20190212,358
1948,a15,A010140,20200316,9
1949,a15,A013810,20180528,467
1950,a15,A014790,20180607,444
1951,a15,A016790,20180607,529
1952,a15,A018620,20180614,162
1953,a15,A018620,20190308,262
1954,a15,A019170,20200408,46
1955,a15,A019170,20200710,51
1956,a15,A031860,20190610,209
1957,a15,A035890,20180618,438
1958,a15,A045390,20180608,160
1959,a15,A048410,20181102,158
1960,a15,A056080,20180607,2
1961,a15,A084650,20200318,6
1962,a15,A084650,20200403,2
1963,a15,A096530,20200316,3
1964,a15,A096530,20200320,3
1965,a15,A142280,20180927,377
1966,a15,A154030,20180612,88
1967,a15,A187420,20200323,3
1968,a16,A009830,20201022,11
1969,a16,A009830,20201111,6
1970,a16,A009830,20201130,2
1971,a16,A010170,20200526,1
1972,a16,A010950,20200212,4
1973,a16,A010950,20200317,1
1974,a16,A010950,20200320,3
1975,a16,A013810,20200924,1
1976,a16,A026890,20200715,3
1977,a16,A026890,20200723,2
1978,a16,A026890,20200730,1
1979,a16,A026890,20200806,1
1980,a16,A032620,20200713,1
1981,a16,A032850,20200706,2
1982,a16,A034020,20200901,2
1983,a16,A034020,20200908,2
1984,a16,A035720,20200708,2
1985,a16,A035720,20200804,3
1986,a16,A035900,20180921,2
1987,a16,A037270,20200910,1
1988,a16,A037270,20201124,1
1989,a16,A042670,20200401,2
1990,a16,A042670,20200406,3
1991,a16,A042670,20200410,25
1992,a16,A042670,20200609,4
1993,a16,A042670,20200616,14
1994,a16,A042670,20200807,11
1995,a16,A042670,20200922,18
1996,a16,A042700,20200724,1
1997,a16,A047050,20180913,6
1998,a16,A047810,20180928,1
1999,a16,A053300,20200601,2
2000,a16,A054780,20200722,1
2001,a16,A064350,20180912,12
2002,a16,A065450,20200925,4
2003,a16,A065530,20200521,3
2004,a16,A067900,20200811,1
2005,a16,A079370,20201218,1
2006,a16,A088350,20200527,3
2007,a16,A091990,20181001,22
2008,a16,A091990,20200218,20
2009,a16,A091990,20200325,1
2010,a16,A091990,20200330,1
2011,a16,A091990,20200527,4
2012,a16,A091990,20200623,5
2013,a16,A091990,20200805,1
2014,a16,A091990,20201006,2
2015,a16,A091990,20201119,3
2016,a16,A091990,20201126,2
2017,a16,A091990,20201202,4
2018,a16,A091990,20201210,5
2019,a16,A093370,20200527,3
2020,a16,A096770,20200326,1
2021,a16,A141080,20200929,1
2022,a16,A142280,20201008,7
2023,a16,A217270,20201218,1
2024,a16,A218410,20200722,1
2025,a16,A241560,20200604,3
2026,a16,A251270,20200708,12
2027,a16,A251270,20200727,1
2028,a16,A251270,20200729,1
2029,a16,A251270,20200821,1
2030,a16,A251270,20200903,1
2031,a16,A251270,20200908,4
2032,a16,A253840,20200825,7
2033,a16,A253840,20200904,2
2034,a16,A253840,20200910,8
2035,a16,A253840,20200923,6
2036,a16,A253840,20201119,1
2037,a16,A267270,20181102,31
2038,a16,A285130,20200701,5
2039,a16,A285130,20200911,1
2040,a16,A298050,20200615,1
2041,a16,A336260,20200728,1
2042,a16,A336260,20201020,23
2043,a16,A352820,20201106,2
2044,a16,A352820,20201120,8
2045,a16,A000240,20200731,2
2046,a16,A000270,20201217,1
2047,a16,A000660,20180912,1
2048,a16,A000660,20181005,19
2049,a16,A003670,20200317,2
2050,a16,A005160,20200720,4
2051,a16,A005290,20200710,1
2052,a16,A005290,20200821,2
2053,a16,A006120,20200724,7
2054,a16,A006120,20200813,7
2055,a16,A008350,20200409,1
2056,a16,A009540,20200602,2
2057,a16,A009830,20200908,1
2058,a17,A027580,20190514,1
2059,a17,A032640,20190315,15
2060,a17,A035720,20190308,2
2061,a17,A035720,20200810,7
2062,a17,A037030,20190514,1
2063,a17,A041190,20190514,2
2064,a17,A041190,20190620,3
2065,a17,A041930,20190329,7
2066,a17,A044340,20190306,7
2067,a17,A044340,20190319,3
2068,a17,A044340,20190329,1
2069,a17,A044340,20190517,98
2070,a17,A045520,20200203,100
2071,a17,A050890,20190612,52
2072,a17,A053280,20200916,6
2073,a17,A053590,20190516,1
2074,a17,A056190,20190612,8
2075,a17,A060150,20190516,296
2076,a17,A060260,20190325,2
2077,a17,A060260,20190329,4
2078,a17,A065530,20190514,1
2079,a17,A065530,20190523,74
2080,a17,A065950,20190306,4
2081,a17,A066570,20190306,23
2082,a17,A068290,20190528,7
2083,a17,A068930,20190312,3
2084,a17,A071460,20190517,4
2085,a17,A080470,20190325,5
2086,a17,A089590,20190415,1
2087,a17,A090350,20190527,1
2088,a17,A093370,20190517,17
2089,a17,A093370,20191022,55
2090,a17,A109820,20190523,2
2091,a17,A138080,20190329,1
2092,a17,A138080,20190409,15
2093,a17,A138080,20190524,1
2094,a17,A138080,20190530,28
2095,a17,A138080,20190814,11
2096,a17,A138080,20190903,225
2097,a17,A197210,20190813,1
2098,a17,A215380,20190517,6
2099,a17,A240810,20190329,7
2100,a17,A246710,20190521,96
2101,a17,A252670,20200814,4
2102,a17,A252670,20201013,3
2103,a17,A252670,20201022,6
2104,a17,A264450,20190319,3
2105,a17,A030200,20190319,9
2106,a17,A005930,20190906,6
2107,a17,A005930,20190814,15
2108,a17,A005930,20190307,17
2109,a17,A005380,20200807,1
2110,a17,A000660,20201020,17
2111,a17,A000660,20201007,3
2112,a17,A000660,20200810,32
2113,a17,A000660,20190321,36
2114,a17,A000660,20190315,2
2115,a17,A005930,20190920,227
2116,a17,A005930,20200903,60
2117,a17,A007110,20190409,3
2118,a17,A007660,20190408,2
2119,a17,A008700,20190515,1
2120,a17,A009150,20190529,15
2121,a17,A009150,20190927,2
2122,a17,A009150,20191022,36
2123,a17,A009620,20190410,4
2124,a17,A009830,20200917,3
2125,a17,A010170,20190523,2
2126,a17,A011200,20200807,1
2127,a17,A011280,20190813,25
2128,a17,A012340,20190403,1
2129,a17,A018620,20190319,1
2130,a17,A025320,20190329,1
2131,a18,A051910,20200918,26
2132,a18,A326030,20200702,48
2133,a18,A214450,20200903,1
2134,a18,A214450,20200629,37
2135,a19,A055550,20200622,87
2136,a19,A034730,20200811,76
2137,a19,A034730,20200713,17
2138,a19,A034730,20200108,89
2139,a19,A017670,20200814,44
2140,a19,A017670,20200506,64
2141,a19,A017670,20200409,5
2142,a19,A001450,20200103,68
2143,a19,A000810,20200518,11
2144,a19,A000810,20191129,110
2145,a19,A337140,20201215,7
2146,a19,A325020,20201118,26
2147,a19,A325010,20201208,1
2148,a19,A315960,20201208,15
2149,a19,A315930,20201210,1
2150,a19,A315930,20201208,1
2151,a19,A315930,20201119,9
2152,a19,A292150,20201208,15
2153,a19,A292150,20200909,57
2154,a19,A279530,20201117,9
2155,a19,A266410,20201123,14
2156,a19,A266390,20201210,10
2157,a19,A252670,20200601,57
2158,a19,A226490,20200512,10
2159,a19,A225040,20201119,3
2160,a19,A211900,20201204,14
2161,a19,A161510,20201113,15
2162,a19,A122630,20200601,120
2163,a19,A102970,20201119,11
2164,a19,A102780,20201125,12
2165,a19,A102780,20201016,27
2166,a19,A069500,20200922,44
2167,a19,A069500,20200522,6
2168,a20,A005490,20200529,128
2169,a20,A015760,20200529,134
2170,a20,A226490,20200529,144
2171,a21,A001680,20201203,7
2172,a21,A137400,20201113,13
2173,a21,A243840,20201113,12
2174,a21,A000660,20200228,197
2175,a22,A326030,20200702,3
2176,a22,A008770,20200325,17
2177,a22,A034020,20200421,31
2178,a22,A086280,20201013,1
2179,a22,A087260,20190924,194
2180,a23,A203650,20200518,5
2181,a23,A053350,20200518,5
2182,a23,A051905,20201127,11
2183,a23,A047040,20200820,53
2184,a23,A047040,20200622,31
2185,a23,A047040,20200228,67
2186,a23,A047040,20190619,60
2187,a23,A042510,20200518,5
2188,a23,A035890,20200527,118
2189,a23,A035600,20200224,2
2190,a23,A000140,20190730,17
2191,a23,A161510,20201201,3
2192,a23,A161510,20200605,104
2193,a23,A000660,20200731,72
2194,a23,A003555,20200528,106
2195,a23,A004090,20200108,1
2196,a23,A005380,20200525,121
2197,a23,A005490,20200731,60
2198,a23,A007310,20201020,20
2199,a23,A007540,20190823,1
2200,a23,A012690,20200203,13
2201,a23,A014680,20200811,64
2202,a23,A015760,20200731,60
2203,a23,A017670,20201030,4
2204,a23,A025980,20200306,82
2205,a23,A252670,20200824,5
2206,a23,A207940,20200410,57
2207,a23,A028260,20200305,83
2208,a23,A030200,20190710,162
2209,a23,A032830,20200622,101
2210,a23,A033780,20200527,111
2211,a23,A033780,20201127,5
2212,a23,A034730,20200609,19
2213,a23,A158430,20200518,5
2214,a23,A138580,20200518,5
2215,a23,A133750,20200526,1
2216,a23,A126560,20200715,109
2217,a23,A122630,20200228,93
2218,a23,A122630,20190917,6
2219,a23,A090435,20201127,5
2220,a23,A086790,20201201,3
2221,a23,A086790,20201023,9
2222,a23,A326030,20200702,2
2223,a23,A252670,20191121,65
2224,a23,A252670,20190930,27
2225,a23,A081660,20191001,24
2226,a23,A078935,20200527,107
2227,a23,A057030,20200526,1
2228,a23,A222420,20200529,20
2229,a23,A214180,20200518,5
2230,a23,A035420,20191114,3
2231,a24,A200230,20180405,7
2232,a24,A006490,20180413,1
2233,a25,A003670,20200907,9
2234,a25,A003550,20200921,33
2235,a25,A000660,20200728,90
2236,a25,A096770,20201117,5
2237,a25,A105560,20200605,44
2238,a25,A180640,20201117,12
2239,a25,A090460,20200812,3
2240,a25,A005387,20200728,74
2241,a26,A005930,20200611,41
2242,a26,A003490,20200807,1
2243,a26,A000890,20200318,54
2244,a26,A033780,20200917,37
2245,a26,A092130,20200916,38
2246,a26,A068760,20200611,41
2247,a26,A068330,20200826,14
2248,a26,A049720,20200915,41
2249,a26,A011170,20200504,121
2250,a26,A005940,20200611,41
2251,a27,A068270,20200709,103
2252,a27,A068760,20200709,95
2253,a27,A001440,20200724,80
2254,a28,A020150,20180327,76
2255,a28,A014200,20180611,165
2256,a28,A281820,20190321,25
2257,a28,A009150,20180328,31
2258,a28,A001340,20180612,398
2259,a28,A096530,20180510,419
2260,a28,A007070,20180604,2
2261,a28,A000990,20180326,47
2262,a28,A096630,20180426,436
2263,a28,A123420,20190322,145
2264,a28,A136490,20180531,2
2265,a28,A002140,20180419,15
2266,a28,A005870,20180326,33
2267,a28,A090410,20180515,182
2268,a28,A005930,20200310,151
2269,a28,A006400,20180326,33
2270,a28,A177830,20190326,9
2271,a28,A078150,20180727,4
2272,a28,A054050,20180618,331
2273,a28,A051910,20180326,631
2274,a29,A005930,20200228,69
2275,a29,A005490,20191025,11
2276,a29,A005300,20191111,31
2277,a29,A004270,20200527,7
2278,a29,A004270,20200330,3
2279,a29,A002700,20200608,40
2280,a29,A001060,20200305,5
2281,a29,A000660,20200610,108
2282,a29,A000660,20200227,9
2283,a29,A000660,20191111,3
2284,a29,A000660,20191021,5
2285,a29,A000080,20191126,58
2286,a29,A268600,20200408,3
2287,a29,A251270,20200806,6
2288,a29,A081660,20200604,87
2289,a29,A180640,20200326,1
2290,a29,A128940,20200514,18
2291,a29,A128940,20191216,58
2292,a29,A128940,20190917,37
2293,a29,A081660,20200417,7
2294,a29,A005930,20190722,37
2295,a29,A081660,20200406,2
2296,a29,A071280,20200730,7
2297,a29,A065950,20200720,2
2298,a29,A051910,20200810,59
2299,a29,A049770,20201020,25
2300,a29,A035420,20200710,6
2301,a29,A030520,20200828,1
2302,a29,A027740,20200622,28
2303,a29,A027740,20200401,4
2304,a29,A026890,20200730,11
2305,a29,A020560,20200305,6
2306,a29,A015760,20190723,80
2307,a29,A010950,20200103,48
2308,a29,A010950,20191101,37
2309,a29,A008770,20200619,19
2310,a29,A008770,20200512,17
2311,a29,A008350,20200406,1
2312,a29,A008350,20200401,2
